title,image_url,image_file
Sapiens: A Brief History of Humankind,http://books.toscrape.com/media/cache/be/a5/bea5697f2534a2f86a3ef27b5a8c12a6.jpg,covers/Sapiens: A Brief History of Humankind.jpg
Set Me Free,http://books.toscrape.com/media/cache/5b/88/5b88c52633f53cacf162c15f4f823153.jpg,covers/Set Me Free.jpg
Scott Pilgrim's Precious Little Life (Scott Pilgrim #1),http://books.toscrape.com/media/cache/94/b1/94b1b8b244bce9677c2f29ccc890d4d2.jpg,covers/Scott Pilgrim's Precious Little Life (Scott Pilgrim #1).jpg
Rip it Up and Start Again,http://books.toscrape.com/media/cache/81/c4/81c4a973364e17d01f217e1188253d5e.jpg,covers/Rip it Up and Start Again.jpg
Chase Me (Paris Nights #2),http://books.toscrape.com/media/cache/9c/2e/9c2e0eb8866b8e3f3b768994fd3d1c1a.jpg,covers/Chase Me (Paris Nights #2).jpg
Black Dust,http://books.toscrape.com/media/cache/44/cc/44ccc99c8f82c33d4f9d2afa4ef25787.jpg,covers/Black Dust.jpg
Worlds Elsewhere: Journeys Around Shakespeareâs Globe,http://books.toscrape.com/media/cache/2e/98/2e98c332bf8563b584784971541c4445.jpg,covers/Worlds Elsewhere: Journeys Around Shakespeareâs Globe.jpg
The Four Agreements: A Practical Guide to Personal Freedom,http://books.toscrape.com/media/cache/0f/7e/0f7ee69495c0df1d35723f012624a9f8.jpg,covers/The Four Agreements: A Practical Guide to Personal Freedom.jpg
The Elephant Tree,http://books.toscrape.com/media/cache/5d/7e/5d7ecde8e81513eba8a64c9fe000744b.jpg,covers/The Elephant Tree.jpg
Sophie's World,http://books.toscrape.com/media/cache/65/71/6571919836ec51ed54f0050c31d8a0cd.jpg,covers/Sophie's World.jpg
Private Paris (Private #10),http://books.toscrape.com/media/cache/9d/05/9d0533bae1578846d728a82913b95c26.jpg,covers/Private Paris (Private #10).jpg
#HigherSelfie: Wake Up Your Life. Free Your Soul. Find Your Tribe.,http://books.toscrape.com/media/cache/9c/46/9c463c7631c82401160fd3b554b8f0e1.jpg,covers/#HigherSelfie: Wake Up Your Life. Free Your Soul. Find Your Tribe..jpg
"We Love You, Charlie Freeman",http://books.toscrape.com/media/cache/5f/15/5f152afdbc42356ecba02f61058a7e5b.jpg,"covers/We Love You, Charlie Freeman.jpg"
Thirst,http://books.toscrape.com/media/cache/c4/0a/c40a64f59e7487b1a80a049f6ceb2ba5.jpg,covers/Thirst.jpg
"The Inefficiency Assassin: Time Management Tactics for Working Smarter, Not Longer",http://books.toscrape.com/media/cache/75/dc/75dce2f5949b407161f37f0af249b018.jpg,"covers/The Inefficiency Assassin: Time Management Tactics for Working Smarter, Not Longer.jpg"
The Activist's Tao Te Ching: Ancient Advice for a Modern Revolution,http://books.toscrape.com/media/cache/96/db/96db61bb53930c560fb4c1c62b583816.jpg,covers/The Activist's Tao Te Ching: Ancient Advice for a Modern Revolution.jpg
"Princess Jellyfish 2-in-1 Omnibus, Vol. 01 (Princess Jellyfish 2-in-1 Omnibus #1)",http://books.toscrape.com/media/cache/78/0b/780b2c28122750c2c383846155815bf7.jpg,"covers/Princess Jellyfish 2-in-1 Omnibus, Vol. 01 (Princess Jellyfish 2-in-1 Omnibus #1).jpg"
Princess Between Worlds (Wide-Awake Princess #5),http://books.toscrape.com/media/cache/b7/e8/b7e84b78be3d9bb79b71156a5e5d4e42.jpg,covers/Princess Between Worlds (Wide-Awake Princess #5).jpg
Join,http://books.toscrape.com/media/cache/93/63/9363f0065fbad5689f44fcf6e203eef3.jpg,covers/Join.jpg
Immunity: How Elie Metchnikoff Changed the Course of Modern Medicine,http://books.toscrape.com/media/cache/26/1c/261c4eaf957ae4aacf2229b482e76dbe.jpg,covers/Immunity: How Elie Metchnikoff Changed the Course of Modern Medicine.jpg
Call the Nurse: True Stories of a Country Nurse on a Scottish Isle,http://books.toscrape.com/media/cache/88/9e/889e0bac4c7c0e7178f0165b8d3b4617.jpg,covers/Call the Nurse: True Stories of a Country Nurse on a Scottish Isle.jpg
"A Piece of Sky, a Grain of Rice: A Memoir in Four Meditations",http://books.toscrape.com/media/cache/08/89/088995e862aac86c88c608d763f6390e.jpg,"covers/A Piece of Sky, a Grain of Rice: A Memoir in Four Meditations.jpg"
A Flight of Arrows (The Pathfinders #2),http://books.toscrape.com/media/cache/82/96/8296f92b70fb1dafefecda92c1d51941.jpg,covers/A Flight of Arrows (The Pathfinders #2).jpg
(Un)Qualified: How God Uses Broken People to Do Big Things,http://books.toscrape.com/media/cache/cd/db/cddb3eb483ef11a088d519205b7098fb.jpg,covers/(Un)Qualified: How God Uses Broken People to Do Big Things.jpg
The Third Wave: An Entrepreneurâs Vision of the Future,http://books.toscrape.com/media/cache/d0/77/d077a30042df6b916bfc8d257345c69e.jpg,covers/The Third Wave: An Entrepreneurâs Vision of the Future.jpg
The Regional Office Is Under Attack!,http://books.toscrape.com/media/cache/f8/31/f8314c7fdaa79fb7191a583e9a852db8.jpg,covers/The Regional Office Is Under Attack!.jpg
The Nerdy Nummies Cookbook: Sweet Treats for the Geek in All of Us,http://books.toscrape.com/media/cache/61/bd/61bdfe3950643c47d70c37c4123530f3.jpg,covers/The Nerdy Nummies Cookbook: Sweet Treats for the Geek in All of Us.jpg
The Artist's Way: A Spiritual Path to Higher Creativity,http://books.toscrape.com/media/cache/0e/6d/0e6dc2484322c5b9e7854ced66fdf62d.jpg,covers/The Artist's Way: A Spiritual Path to Higher Creativity.jpg
The Art of War,http://books.toscrape.com/media/cache/6d/71/6d71e36c8b1b9c885e1bb6c72cd8bcf8.jpg,covers/The Art of War.jpg
Scarlett Epstein Hates It Here,http://books.toscrape.com/media/cache/0f/d3/0fd306891f8fd3196653022fd67d6c87.jpg,covers/Scarlett Epstein Hates It Here.jpg
Redeeming Love,http://books.toscrape.com/media/cache/21/21/2121ba78e26194d92c334fde3850f840.jpg,covers/Redeeming Love.jpg
Mrs. Houdini,http://books.toscrape.com/media/cache/0e/fe/0efe86960cdff718aed01a5c3f65b1c3.jpg,covers/Mrs. Houdini.jpg
Modern Romance,http://books.toscrape.com/media/cache/28/78/2878538a1039d9c4649110499a1393fb.jpg,covers/Modern Romance.jpg
Library of Souls (Miss Peregrineâs Peculiar Children #3),http://books.toscrape.com/media/cache/f8/54/f85417465a73e33604624205ba8306cc.jpg,covers/Library of Souls (Miss Peregrineâs Peculiar Children #3).jpg
Frostbite (Vampire Academy #2),http://books.toscrape.com/media/cache/71/76/7176317f1915fa0658bb2fe400441207.jpg,covers/Frostbite (Vampire Academy #2).jpg
Finders Keepers (Bill Hodges Trilogy #2),http://books.toscrape.com/media/cache/6a/81/6a81103b1c01a3f6c56e5718a838a4c8.jpg,covers/Finders Keepers (Bill Hodges Trilogy #2).jpg
Done Rubbed Out (Reightman & Bailey #1),http://books.toscrape.com/media/cache/08/4d/084da0199a717cb6c1eda30f98d0ea4c.jpg,covers/Done Rubbed Out (Reightman & Bailey #1).jpg
Dark Notes,http://books.toscrape.com/media/cache/6e/4e/6e4e8f4f4abd94356a9be840e4681e65.jpg,covers/Dark Notes.jpg
Batman: The Dark Knight Returns (Batman),http://books.toscrape.com/media/cache/be/a9/bea95dbd7b2a843519c9a1dcfc433f9b.jpg,covers/Batman: The Dark Knight Returns (Batman).jpg
Amatus,http://books.toscrape.com/media/cache/8f/92/8f92c3b5dc8f5c1a23324bda7477b19c.jpg,covers/Amatus.jpg
Agnostic: A Spirited Manifesto,http://books.toscrape.com/media/cache/9f/fc/9ffc43826233092d2acb4414f86627eb.jpg,covers/Agnostic: A Spirited Manifesto.jpg
You (You #1),http://books.toscrape.com/media/cache/d6/97/d697268540fa982f4dce39f61ed3a342.jpg,covers/You (You #1).jpg
Walt Disney's Alice in Wonderland,http://books.toscrape.com/media/cache/28/50/2850439c2ba103fb69dba9cd2dd9f0c2.jpg,covers/Walt Disney's Alice in Wonderland.jpg
The White Queen (The Cousins' War #1),http://books.toscrape.com/media/cache/72/d8/72d861617b6d3aababe6e61e8d3c1056.jpg,covers/The White Queen (The Cousins' War #1).jpg
The Time Keeper,http://books.toscrape.com/media/cache/8f/f8/8ff8680dde59ea739d6978a01e4d7fe5.jpg,covers/The Time Keeper.jpg
The Star-Touched Queen,http://books.toscrape.com/media/cache/53/5e/535e2be0b423797c2cdc7d98882c820a.jpg,covers/The Star-Touched Queen.jpg
The Songs of the Gods,http://books.toscrape.com/media/cache/6c/a3/6ca34db7c01e554ad17bd3be74b561e3.jpg,covers/The Songs of the Gods.jpg
The Song of Achilles,http://books.toscrape.com/media/cache/66/f7/66f79b76d6c6b64fcc8110515c454e09.jpg,covers/The Song of Achilles.jpg
The Darkest Lie,http://books.toscrape.com/media/cache/1d/3c/1d3c05b772ab846c111970232360d2c5.jpg,covers/The Darkest Lie.jpg
Superman Vol. 1: Before Truth (Superman by Gene Luen Yang #1),http://books.toscrape.com/media/cache/7e/c0/7ec0e9ca6153a23b2024b7df7407ee84.jpg,covers/Superman Vol. 1: Before Truth (Superman by Gene Luen Yang #1).jpg
Steve Jobs,http://books.toscrape.com/media/cache/86/31/86313c225719ac946894d780c4ff0839.jpg,covers/Steve Jobs.jpg
Someone Like You (The Harrisons #2),http://books.toscrape.com/media/cache/e3/d0/e3d05227f3fc24f0e0c84ccebe108fb0.jpg,covers/Someone Like You (The Harrisons #2).jpg
"Quarter Life Poetry: Poems for the Young, Broke and Hangry",http://books.toscrape.com/media/cache/c8/f2/c8f297fab080ddd02b3ed5c17b83af85.jpg,"covers/Quarter Life Poetry: Poems for the Young, Broke and Hangry.jpg"
Old School (Diary of a Wimpy Kid #10),http://books.toscrape.com/media/cache/df/5d/df5d172abe87deda6d533e3e908d27d8.jpg,covers/Old School (Diary of a Wimpy Kid #10).jpg
Made to Stick: Why Some Ideas Survive and Others Die,http://books.toscrape.com/media/cache/e2/2e/e22e4a82d97f9f0689d5295a98f5dcff.jpg,covers/Made to Stick: Why Some Ideas Survive and Others Die.jpg
Looking for Lovely: Collecting the Moments that Matter,http://books.toscrape.com/media/cache/61/1e/611e1804ad968e309a5f788d4ebc1cb4.jpg,covers/Looking for Lovely: Collecting the Moments that Matter.jpg
Let It Out: A Journey Through Journaling,http://books.toscrape.com/media/cache/51/fc/51fcd3e9384894e6a53a753d2ab856ee.jpg,covers/Let It Out: A Journey Through Journaling.jpg
Lady Midnight (The Dark Artifices #1),http://books.toscrape.com/media/cache/89/a6/89a61d48e93bc92537c0a2cb2c0094bb.jpg,covers/Lady Midnight (The Dark Artifices #1).jpg
"Hyperbole and a Half: Unfortunate Situations, Flawed Coping Mechanisms, Mayhem, and Other Things That Happened",http://books.toscrape.com/media/cache/b5/a9/b5a90d1c36a96513942f006345ace3d2.jpg,"covers/Hyperbole and a Half: Unfortunate Situations, Flawed Coping Mechanisms, Mayhem, and Other Things That Happened.jpg"
Greek Mythic History,http://books.toscrape.com/media/cache/36/cf/36cf56c7bdf35aadbcc6f05a8e8d8fcb.jpg,covers/Greek Mythic History.jpg
God: The Most Unpleasant Character in All Fiction,http://books.toscrape.com/media/cache/1f/db/1fdb125bcb8cee71f3404b4dc293348c.jpg,covers/God: The Most Unpleasant Character in All Fiction.jpg
El Deafo,http://books.toscrape.com/media/cache/34/eb/34eb0f1b570d4f1f6ad106652f1ac6ff.jpg,covers/El Deafo.jpg
"Eaternity: More than 150 Deliciously Easy Vegan Recipes for a Long, Healthy, Satisfied, Joyful Life",http://books.toscrape.com/media/cache/b1/e1/b1e15eef42c0d71596f9f9ad4e9f48b0.jpg,"covers/Eaternity: More than 150 Deliciously Easy Vegan Recipes for a Long, Healthy, Satisfied, Joyful Life.jpg"
Demigods & Magicians: Percy and Annabeth Meet the Kanes (Percy Jackson & Kane Chronicles Crossover #1-3),http://books.toscrape.com/media/cache/8f/80/8f8074d9f035c2a0ef8595ad89f7bcc8.jpg,covers/Demigods & Magicians: Percy and Annabeth Meet the Kanes (Percy Jackson & Kane Chronicles Crossover #1-3).jpg
Dear Mr. Knightley,http://books.toscrape.com/media/cache/78/87/78873811f8c1d75a0c26d8cc8e6a9dbc.jpg,covers/Dear Mr. Knightley.jpg
Brain on Fire: My Month of Madness,http://books.toscrape.com/media/cache/88/aa/88aad1204951e0900906173b086e6695.jpg,covers/Brain on Fire: My Month of Madness.jpg
Barefoot Contessa at Home: Everyday Recipes You'll Make Over and Over Again,http://books.toscrape.com/media/cache/74/aa/74aa29b1ba4147eaf5b46671bf235861.jpg,covers/Barefoot Contessa at Home: Everyday Recipes You'll Make Over and Over Again.jpg
All the Light We Cannot See,http://books.toscrape.com/media/cache/41/c3/41c37f7f0e03ee1144dd6fa89483b5d9.jpg,covers/All the Light We Cannot See.jpg
Abstract City,http://books.toscrape.com/media/cache/e7/70/e77019ebd71bcf6badb085bddf47c413.jpg,covers/Abstract City.jpg
A Time of Torment (Charlie Parker #14),http://books.toscrape.com/media/cache/e8/c0/e8c0ba15066bab950ae161fd60949b9a.jpg,covers/A Time of Torment (Charlie Parker #14).jpg
The Star-Touched Queen,http://books.toscrape.com/media/cache/d3/0d/d30dd8b6be6f9fcfd17178e8083238b6.jpg,covers/The Star-Touched Queen.jpg
The Silent Sister (Riley MacPherson #1),http://books.toscrape.com/media/cache/30/2c/302cd9c84442e139145ec0993880d7e0.jpg,covers/The Silent Sister (Riley MacPherson #1).jpg
The Epidemic (The Program 0.6),http://books.toscrape.com/media/cache/87/cd/87cd652c35e2a78535c83becae33cff2.jpg,covers/The Epidemic (The Program 0.6).jpg
Psycho: Sanitarium (Psycho #1.5),http://books.toscrape.com/media/cache/02/5c/025c30a378e2a4190e84f1429e81b803.jpg,covers/Psycho: Sanitarium (Psycho #1.5).jpg
How to Speak Golf: An Illustrated Guide to Links Lingo,http://books.toscrape.com/media/cache/d2/64/d264ad1af882ce391005dc7215ac90e7.jpg,covers/How to Speak Golf: An Illustrated Guide to Links Lingo.jpg
Everyday Italian: 125 Simple and Delicious Recipes,http://books.toscrape.com/media/cache/5a/64/5a6499d41ccaad4c4f7eeaa90e16345a.jpg,covers/Everyday Italian: 125 Simple and Delicious Recipes.jpg
Eleanor & Park,http://books.toscrape.com/media/cache/ed/d7/edd781d3c9d63a395f80f241445e88fa.jpg,covers/Eleanor & Park.jpg
"Mother, Can You Not?",http://books.toscrape.com/media/cache/ae/03/ae03f5d4d4c2ee038ac4c4ce9b71e592.jpg,"covers/Mother, Can You Not?.jpg"
Born for This: How to Find the Work You Were Meant to Do,http://books.toscrape.com/media/cache/aa/67/aa677a97ecdcbbde7471f1c90ed0cf6f.jpg,covers/Born for This: How to Find the Work You Were Meant to Do.jpg
Adultery,http://books.toscrape.com/media/cache/79/d9/79d99cfa5557be0643ba00bfcd35256b.jpg,covers/Adultery.jpg
A Gentleman's Position (Society of Gentlemen #3),http://books.toscrape.com/media/cache/f0/e0/f0e0db3edcb14293a52b51929cc72979.jpg,covers/A Gentleman's Position (Society of Gentlemen #3).jpg
10-Day Green Smoothie Cleanse: Lose Up to 15 Pounds in 10 Days!,http://books.toscrape.com/media/cache/23/c2/23c2108ae81327c7f3fb0721976cba5e.jpg,covers/10-Day Green Smoothie Cleanse: Lose Up to 15 Pounds in 10 Days!.jpg
Without Shame,http://books.toscrape.com/media/cache/90/86/9086ca3d1d5c4059beb7dcf762926e1e.jpg,covers/Without Shame.jpg
The New Brand You: Your New Image Makes the Sale for You,http://books.toscrape.com/media/cache/9b/33/9b33c7a5431415614f7b788e0c1552c9.jpg,covers/The New Brand You: Your New Image Makes the Sale for You.jpg
The Art and Science of Low Carbohydrate Living,http://books.toscrape.com/media/cache/4b/d4/4bd43108fb070ad8ebba9cdb00b14069.jpg,covers/The Art and Science of Low Carbohydrate Living.jpg
Suzie Snowflake: One beautiful flake (a self-esteem story),http://books.toscrape.com/media/cache/db/cc/dbcc9d63b73ce9058d53f36465dbe2b2.jpg,covers/Suzie Snowflake: One beautiful flake (a self-esteem story).jpg
The Unlikely Pilgrimage of Harold Fry (Harold Fry #1),http://books.toscrape.com/media/cache/06/e2/06e2e125d332e2e09a64816ff915b859.jpg,covers/The Unlikely Pilgrimage of Harold Fry (Harold Fry #1).jpg
Smarter Faster Better: The Secrets of Being Productive in Life and Business,http://books.toscrape.com/media/cache/21/88/21889b1eddaec853b02a41bdd06eef54.jpg,covers/Smarter Faster Better: The Secrets of Being Productive in Life and Business.jpg
Shadows of the Past (Logan Point #1),http://books.toscrape.com/media/cache/93/e0/93e0ec623673a8f83598c9aa7b6c94ec.jpg,covers/Shadows of the Past (Logan Point #1).jpg
Roller Girl,http://books.toscrape.com/media/cache/b8/bd/b8bd3e5bc547c7c851689a844c9db429.jpg,covers/Roller Girl.jpg
Out of Print: City Lights Spotlight No. 14,http://books.toscrape.com/media/cache/93/d5/93d5c64abfad9ed6a0cb2e26f19f1a1e.jpg,covers/Out of Print: City Lights Spotlight No. 14.jpg
My Life Next Door (My Life Next Door ),http://books.toscrape.com/media/cache/98/00/98001a78a78ab77027145ff586d64431.jpg,covers/My Life Next Door (My Life Next Door ).jpg
Les Fleurs du Mal,http://books.toscrape.com/media/cache/36/5b/365b3ab7ab72a6258873716aef6d5c1a.jpg,covers/Les Fleurs du Mal.jpg
Kill 'Em and Leave: Searching for James Brown and the American Soul,http://books.toscrape.com/media/cache/85/42/8542841f5644a6daf433504f1e106e97.jpg,covers/Kill 'Em and Leave: Searching for James Brown and the American Soul.jpg
Future Shock (Future Shock #1),http://books.toscrape.com/media/cache/89/10/8910c36eec96636288a9cfb61610c9fa.jpg,covers/Future Shock (Future Shock #1).jpg
"""Most Blessed of the Patriarchs"": Thomas Jefferson and the Empire of the Imagination",http://books.toscrape.com/media/cache/11/af/11af7fbd6aec06a75fe207fae92b17e0.jpg,"covers/""Most Blessed of the Patriarchs"": Thomas Jefferson and the Empire of the Imagination.jpg"
What Happened on Beale Street (Secrets of the South Mysteries #2),http://books.toscrape.com/media/cache/c7/ab/c7abb5e32bd37118a87523dcee0a70a6.jpg,covers/What Happened on Beale Street (Secrets of the South Mysteries #2).jpg
The Bachelor Girl's Guide to Murder (Herringford and Watts Mysteries #1),http://books.toscrape.com/media/cache/95/d7/95d7541679fcbd579b8a4f2b47231aaf.jpg,covers/The Bachelor Girl's Guide to Murder (Herringford and Watts Mysteries #1).jpg
Team of Rivals: The Political Genius of Abraham Lincoln,http://books.toscrape.com/media/cache/56/75/567575381760b5c1ec018d10d350fc5f.jpg,covers/Team of Rivals: The Political Genius of Abraham Lincoln.jpg
"Naturally Lean: 125 Nourishing Gluten-Free, Plant-Based Recipes--All Under 300 Calories",http://books.toscrape.com/media/cache/e6/b6/e6b66353f9325518994dd8b564290fd7.jpg,"covers/Naturally Lean: 125 Nourishing Gluten-Free, Plant-Based Recipes--All Under 300 Calories.jpg"
Leave This Song Behind: Teen Poetry at Its Best,http://books.toscrape.com/media/cache/31/c7/31c7c5ce7b04d227aa36ecb250b9dad5.jpg,covers/Leave This Song Behind: Teen Poetry at Its Best.jpg
King's Folly (The Kinsman Chronicles #1),http://books.toscrape.com/media/cache/3e/2d/3e2d526ee062008ab1cbf54f90a5abb2.jpg,covers/King's Folly (The Kinsman Chronicles #1).jpg
Good in Bed (Cannie Shapiro #1),http://books.toscrape.com/media/cache/1d/f4/1df443b1bd6d7a1d804b4780a666438f.jpg,covers/Good in Bed (Cannie Shapiro #1).jpg
Every Heart a Doorway (Every Heart A Doorway #1),http://books.toscrape.com/media/cache/50/d4/50d41a24990208deb72c9802a6c1e540.jpg,covers/Every Heart a Doorway (Every Heart A Doorway #1).jpg
Counted With the Stars (Out from Egypt #1),http://books.toscrape.com/media/cache/32/2c/322c1f6cce6d5a69a7d2321779195a0c.jpg,covers/Counted With the Stars (Out from Egypt #1).jpg
"At The Existentialist CafÃ©: Freedom, Being, and apricot cocktails with: Jean-Paul Sartre, Simone de Beauvoir, Albert Camus, Martin Heidegger, Edmund Husserl, Karl Jaspers, Maurice Merleau-Ponty and others",http://books.toscrape.com/media/cache/de/76/de76d5c473c358bd41c03cf710692bfb.jpg,"covers/At The Existentialist CafÃ©: Freedom, Being, and apricot cocktails with: Jean-Paul Sartre, Simone de Beauvoir, Albert Camus, Martin Heidegger, Edmund Husserl, Karl Jaspers, Maurice Merleau-Ponty and others.jpg"
A Short History of Nearly Everything,http://books.toscrape.com/media/cache/3c/f6/3cf646523ff7fb8647c500d6325cfcaf.jpg,covers/A Short History of Nearly Everything.jpg
The Sound Of Love,http://books.toscrape.com/media/cache/4e/3a/4e3a151bbe2629a55df09fd318fdeb0a.jpg,covers/The Sound Of Love.jpg
The Hobbit (Middle-Earth Universe),http://books.toscrape.com/media/cache/8b/d3/8bd38de5367fc675467431f343862569.jpg,covers/The Hobbit (Middle-Earth Universe).jpg
The Collected Poems of W.B. Yeats (The Collected Works of W.B. Yeats #1),http://books.toscrape.com/media/cache/7e/93/7e934132cd03486649fb492fe702f704.jpg,covers/The Collected Poems of W.B. Yeats (The Collected Works of W.B. Yeats #1).jpg
The Barefoot Contessa Cookbook,http://books.toscrape.com/media/cache/dd/07/dd07bd0c443756b9dc260813c1949b4f.jpg,covers/The Barefoot Contessa Cookbook.jpg
How to Stop Worrying and Start Living,http://books.toscrape.com/media/cache/4f/08/4f08f7948770912e4e340e10caa604cb.jpg,covers/How to Stop Worrying and Start Living.jpg
The Power Greens Cookbook: 140 Delicious Superfood Recipes,http://books.toscrape.com/media/cache/82/1d/821d2c02dcd0a10fc9d533917482746e.jpg,covers/The Power Greens Cookbook: 140 Delicious Superfood Recipes.jpg
The Mathews Men: Seven Brothers and the War Against Hitler's U-boats,http://books.toscrape.com/media/cache/f2/64/f26457d65a03b2636c4bcc7c318f7346.jpg,covers/The Mathews Men: Seven Brothers and the War Against Hitler's U-boats.jpg
The False Prince (The Ascendance Trilogy #1),http://books.toscrape.com/media/cache/f8/e3/f8e371e2869d13b9d89999f8d5173245.jpg,covers/The False Prince (The Ascendance Trilogy #1).jpg
The Darkest Corners,http://books.toscrape.com/media/cache/c1/ab/c1ab73a20d02b5f3a5599e7c5704a909.jpg,covers/The Darkest Corners.jpg
Siddhartha,http://books.toscrape.com/media/cache/ce/0b/ce0be2d86e388540122c222306c6d62c.jpg,covers/Siddhartha.jpg
Shiver (The Wolves of Mercy Falls #1),http://books.toscrape.com/media/cache/84/73/847399651d8f2dfae1a0d5a0ea4064b2.jpg,covers/Shiver (The Wolves of Mercy Falls #1).jpg
Mexican Today: New and Rediscovered Recipes for Contemporary Kitchens,http://books.toscrape.com/media/cache/5d/02/5d029bff299cdb777e06f35800faa628.jpg,covers/Mexican Today: New and Rediscovered Recipes for Contemporary Kitchens.jpg
Kill the Boy Band,http://books.toscrape.com/media/cache/05/74/0574a71ccaff1fef1f8e9a1f4c22b7bc.jpg,covers/Kill the Boy Band.jpg
Isla and the Happily Ever After (Anna and the French Kiss #3),http://books.toscrape.com/media/cache/0d/0b/0d0bd1fce3e0171cf101764393caea41.jpg,covers/Isla and the Happily Ever After (Anna and the French Kiss #3).jpg
If I Stay (If I Stay #1),http://books.toscrape.com/media/cache/cb/b3/cbb3754c7bae0d54dcf561aed4f9d6e3.jpg,covers/If I Stay (If I Stay #1).jpg
Dracula the Un-Dead,http://books.toscrape.com/media/cache/13/ff/13fffcde653948339d3427184b7bd0b5.jpg,covers/Dracula the Un-Dead.jpg
Digital Fortress,http://books.toscrape.com/media/cache/5c/77/5c770b251d27aeef263f8ae974ca02e0.jpg,covers/Digital Fortress.jpg
Booked,http://books.toscrape.com/media/cache/8f/46/8f46bb13feb3a4440a27dfcf688fbaa6.jpg,covers/Booked.jpg
"Blue Lily, Lily Blue (The Raven Cycle #3)",http://books.toscrape.com/media/cache/db/14/db14903b3a56a297ef6aefe7624d637f.jpg,"covers/Blue Lily, Lily Blue (The Raven Cycle #3).jpg"
Approval Junkie: Adventures in Caring Too Much,http://books.toscrape.com/media/cache/17/aa/17aacb738eace89a635a4eb47a94c11d.jpg,covers/Approval Junkie: Adventures in Caring Too Much.jpg
An Abundance of Katherines,http://books.toscrape.com/media/cache/ed/45/ed4517339d4780f4158c485c83850d20.jpg,covers/An Abundance of Katherines.jpg
The Passion of Dolssa,http://books.toscrape.com/media/cache/6b/82/6b822681c4035131560d40dd3b5a6a2e.jpg,covers/The Passion of Dolssa.jpg
The Hunger Games (The Hunger Games #1),http://books.toscrape.com/media/cache/41/c7/41c72a9c7733fc5f7434b2fa33060c54.jpg,covers/The Hunger Games (The Hunger Games #1).jpg
The Beast (Black Dagger Brotherhood #14),http://books.toscrape.com/media/cache/1b/3f/1b3f5057f9e7f7cb81a8c10b58024145.jpg,covers/The Beast (Black Dagger Brotherhood #14).jpg
Some Women,http://books.toscrape.com/media/cache/27/b7/27b7f4ec590965b5acc15dc4b1376684.jpg,covers/Some Women.jpg
Shopaholic Ties the Knot (Shopaholic #3),http://books.toscrape.com/media/cache/ac/ba/acba5e4e1813b8c1fff4890f1efef3ab.jpg,covers/Shopaholic Ties the Knot (Shopaholic #3).jpg
Paper and Fire (The Great Library #2),http://books.toscrape.com/media/cache/a7/04/a704d4248b21c0cdd8038c1b8345ed17.jpg,covers/Paper and Fire (The Great Library #2).jpg
Outlander (Outlander #1),http://books.toscrape.com/media/cache/b1/0b/b10ba73e67297fc8ed9e877bdcf60813.jpg,covers/Outlander (Outlander #1).jpg
No One Here Gets Out Alive,http://books.toscrape.com/media/cache/7a/7e/7a7eb52e7075a5305522948375c1316e.jpg,covers/No One Here Gets Out Alive.jpg
Harry Potter and the Half-Blood Prince (Harry Potter #6),http://books.toscrape.com/media/cache/c8/24/c8248518fb59de3a798a4b5baae949b5.jpg,covers/Harry Potter and the Half-Blood Prince (Harry Potter #6).jpg
Atlas Shrugged,http://books.toscrape.com/media/cache/a5/4f/a54fea8d034eba2ee4d1b8af30f1a308.jpg,covers/Atlas Shrugged.jpg
A New Earth: Awakening to Your Life's Purpose,http://books.toscrape.com/media/cache/83/c8/83c834b3779be4e577c37ead6d2acf65.jpg,covers/A New Earth: Awakening to Your Life's Purpose.jpg
When You Are Engulfed in Flames,http://books.toscrape.com/media/cache/73/36/733662595aede2dff1a5be1e76a3b936.jpg,covers/When You Are Engulfed in Flames.jpg
Voyager (Outlander #3),http://books.toscrape.com/media/cache/b5/d8/b5d813da01f2ccd7bcfe34e2b875e752.jpg,covers/Voyager (Outlander #3).jpg
The Silkworm (Cormoran Strike #2),http://books.toscrape.com/media/cache/3a/2c/3a2c46cd40a7ecbd7c40815d6390fb8a.jpg,covers/The Silkworm (Cormoran Strike #2).jpg
"The Sandman, Vol. 3: Dream Country (The Sandman (volumes) #3)",http://books.toscrape.com/media/cache/bb/18/bb1845c22faea465cad3d556d22936a2.jpg,"covers/The Sandman, Vol. 3: Dream Country (The Sandman (volumes) #3).jpg"
The Red Tent,http://books.toscrape.com/media/cache/b2/8f/b28f211e50e74445ca071d4279d1080d.jpg,covers/The Red Tent.jpg
The Nanny Diaries (Nanny #1),http://books.toscrape.com/media/cache/63/5f/635fb981e464f7427787824b20a15e71.jpg,covers/The Nanny Diaries (Nanny #1).jpg
The Lonely Ones,http://books.toscrape.com/media/cache/21/bd/21bdf7ae21476b1debf4aa3eefe6f29d.jpg,covers/The Lonely Ones.jpg
The Husband's Secret,http://books.toscrape.com/media/cache/f0/5b/f05be79a4b319e24819c318e35e6963c.jpg,covers/The Husband's Secret.jpg
"The Disappearing Spoon: And Other True Tales of Madness, Love, and the History of the World from the Periodic Table of the Elements",http://books.toscrape.com/media/cache/f9/69/f969969428b505970a46272fdcea00d3.jpg,"covers/The Disappearing Spoon: And Other True Tales of Madness, Love, and the History of the World from the Periodic Table of the Elements.jpg"
The Day the Crayons Came Home (Crayons),http://books.toscrape.com/media/cache/ec/08/ec08efebaa33a403e54080b48c139794.jpg,covers/The Day the Crayons Came Home (Crayons).jpg
The Complete Poems,http://books.toscrape.com/media/cache/e5/f2/e5f270cf4a079a7d411439abe17691e0.jpg,covers/The Complete Poems.jpg
The Book of Basketball: The NBA According to The Sports Guy,http://books.toscrape.com/media/cache/61/2c/612caeb0b2acb35c100629f0f52a40d7.jpg,covers/The Book of Basketball: The NBA According to The Sports Guy.jpg
The Blind Side: Evolution of a Game,http://books.toscrape.com/media/cache/5e/ee/5eeecab909b9e87ddfb6e3d31078fbbf.jpg,covers/The Blind Side: Evolution of a Game.jpg
Something Borrowed (Darcy & Rachel #1),http://books.toscrape.com/media/cache/6d/6d/6d6d5799190b4f9ef89f3bbc8b67d60d.jpg,covers/Something Borrowed (Darcy & Rachel #1).jpg
"Saga, Volume 3 (Saga (Collected Editions) #3)",http://books.toscrape.com/media/cache/d8/fd/d8fd30b3e5781e880a3efe4c9495b417.jpg,"covers/Saga, Volume 3 (Saga (Collected Editions) #3).jpg"
Life Without a Recipe,http://books.toscrape.com/media/cache/80/b3/80b3e38be4204b3b64cdbe8c80dcf1f9.jpg,covers/Life Without a Recipe.jpg
"Lamb: The Gospel According to Biff, Christ's Childhood Pal",http://books.toscrape.com/media/cache/a1/03/a10370da29e4ba78c7a75a14041eae0e.jpg,"covers/Lamb: The Gospel According to Biff, Christ's Childhood Pal.jpg"
Lady Renegades (Rebel Belle #3),http://books.toscrape.com/media/cache/d2/c2/d2c259e13fe3097325549a14f996b462.jpg,covers/Lady Renegades (Rebel Belle #3).jpg
Into the Wild,http://books.toscrape.com/media/cache/e2/ca/e2ca3b870db8071034edea19b1da3de2.jpg,covers/Into the Wild.jpg
Inferno (Robert Langdon #4),http://books.toscrape.com/media/cache/e3/11/e3111146083821b5a3670d869ab40d2a.jpg,covers/Inferno (Robert Langdon #4).jpg
Gratitude,http://books.toscrape.com/media/cache/07/b6/07b673e7d367a5e89418bd513a8d5e72.jpg,covers/Gratitude.jpg
Gone Girl,http://books.toscrape.com/media/cache/24/ad/24ad42075b1aa1403aef934c29c1e8ba.jpg,covers/Gone Girl.jpg
Fifty Shades Freed (Fifty Shades #3),http://books.toscrape.com/media/cache/18/d8/18d8e02c75c2ef23556c9746fae57e43.jpg,covers/Fifty Shades Freed (Fifty Shades #3).jpg
Disrupted: My Misadventure in the Start-Up Bubble,http://books.toscrape.com/media/cache/2c/32/2c32dd01215c98fc1f6b176b6a9b3ece.jpg,covers/Disrupted: My Misadventure in the Start-Up Bubble.jpg
Dead Wake: The Last Crossing of the Lusitania,http://books.toscrape.com/media/cache/69/0e/690ee5b7ef94ea460861eee2e67fd787.jpg,covers/Dead Wake: The Last Crossing of the Lusitania.jpg
Dark Places,http://books.toscrape.com/media/cache/51/bf/51bf575f9af355f4f9f98abe8986402a.jpg,covers/Dark Places.jpg
Crazy Rich Asians (Crazy Rich Asians #1),http://books.toscrape.com/media/cache/9a/62/9a621372fed3a80015283013d8a452cd.jpg,covers/Crazy Rich Asians (Crazy Rich Asians #1).jpg
Breaking Dawn (Twilight #4),http://books.toscrape.com/media/cache/ce/24/ce242d3eb00bf1938d6c18e0261ef868.jpg,covers/Breaking Dawn (Twilight #4).jpg
Brave Enough,http://books.toscrape.com/media/cache/94/c7/94c7add56827e01998189a021ec060e2.jpg,covers/Brave Enough.jpg
Blink: The Power of Thinking Without Thinking,http://books.toscrape.com/media/cache/5d/41/5d415bc31b1f856a2a9dc8706fd19abd.jpg,covers/Blink: The Power of Thinking Without Thinking.jpg
Between Shades of Gray,http://books.toscrape.com/media/cache/f9/19/f919f64fc0e3642cdc604134bfd93774.jpg,covers/Between Shades of Gray.jpg
Beautiful Creatures (Caster Chronicles #1),http://books.toscrape.com/media/cache/82/06/8206f351bd1ff6f52eed515a3b366916.jpg,covers/Beautiful Creatures (Caster Chronicles #1).jpg
Annie on My Mind,http://books.toscrape.com/media/cache/88/ba/88baf408218bf1e31626211da4329c6b.jpg,covers/Annie on My Mind.jpg
A Visit from the Goon Squad,http://books.toscrape.com/media/cache/92/02/9202adfd4bc39e4058c5b9e851ffbf5a.jpg,covers/A Visit from the Goon Squad.jpg
A Heartbreaking Work of Staggering Genius,http://books.toscrape.com/media/cache/7a/58/7a587c5814f33c0c54e8bfa0ef66d690.jpg,covers/A Heartbreaking Work of Staggering Genius.jpg
Life,http://books.toscrape.com/media/cache/99/97/9997eda658c2fe50e724171f9c2a2b0b.jpg,covers/Life.jpg
H is for Hawk,http://books.toscrape.com/media/cache/78/3c/783c89d21306b712d832dbac267b786a.jpg,covers/H is for Hawk.jpg
"Fruits Basket, Vol. 2 (Fruits Basket #2)",http://books.toscrape.com/media/cache/e9/fb/e9fb3236b73384253144f89b6eec6a68.jpg,"covers/Fruits Basket, Vol. 2 (Fruits Basket #2).jpg"
While You Were Mine,http://books.toscrape.com/media/cache/45/e8/45e87bcad554d79eadf0f89df9cac6f9.jpg,covers/While You Were Mine.jpg
Ways of Seeing,http://books.toscrape.com/media/cache/a8/3a/a83a4d31d30dc3cb26a29899a5c3b91d.jpg,covers/Ways of Seeing.jpg
Travels with Charley: In Search of America,http://books.toscrape.com/media/cache/ff/60/ff60e98e3da9c76d6f65b26bd7142d94.jpg,covers/Travels with Charley: In Search of America.jpg
The Zombie Room,http://books.toscrape.com/media/cache/1a/2d/1a2d5e478c6b33738ff17e7acfbd8b66.jpg,covers/The Zombie Room.jpg
The Tumor,http://books.toscrape.com/media/cache/db/f4/dbf4f5d4e7c0364b078aa5ce7e196853.jpg,covers/The Tumor.jpg
The Silent Wife,http://books.toscrape.com/media/cache/9b/a3/9ba37429e4a2307fe0b2f4f4162dd636.jpg,covers/The Silent Wife.jpg
The Hook Up (Game On #1),http://books.toscrape.com/media/cache/38/f1/38f1543cd2d51c2728678f5ecc128958.jpg,covers/The Hook Up (Game On #1).jpg
The Haters,http://books.toscrape.com/media/cache/4c/e9/4ce9f937ac784ae0b377bcbf2a38a8b2.jpg,covers/The Haters.jpg
The Girl You Lost,http://books.toscrape.com/media/cache/90/0d/900dba6987796f4312a6a6737b0ea94d.jpg,covers/The Girl You Lost.jpg
"Rat Queens, Vol. 1: Sass & Sorcery (Rat Queens (Collected Editions) #1-5)",http://books.toscrape.com/media/cache/0d/22/0d22f9ee696b7443d1573e7752645c6d.jpg,"covers/Rat Queens, Vol. 1: Sass & Sorcery (Rat Queens (Collected Editions) #1-5).jpg"
Off Sides (Off #1),http://books.toscrape.com/media/cache/03/ed/03ed67ea504353b91b035151d8e80db2.jpg,covers/Off Sides (Off #1).jpg
Kitchens of the Great Midwest,http://books.toscrape.com/media/cache/5e/37/5e379c1cc7003127bc74257a1b721540.jpg,covers/Kitchens of the Great Midwest.jpg
Jane Eyre,http://books.toscrape.com/media/cache/0b/9b/0b9bd2c1de5ec402b2c797b53e5257f6.jpg,covers/Jane Eyre.jpg
"Fruits Basket, Vol. 1 (Fruits Basket #1)",http://books.toscrape.com/media/cache/7c/c1/7cc13a8fb238202250e87843c1a62f94.jpg,"covers/Fruits Basket, Vol. 1 (Fruits Basket #1).jpg"
Deep Under (Walker Security #1),http://books.toscrape.com/media/cache/74/e4/74e4ec43c40926c7b57fc0fe0f397183.jpg,covers/Deep Under (Walker Security #1).jpg
Bright Lines,http://books.toscrape.com/media/cache/12/43/1243e7eb614f57f0e4cfee80553fa312.jpg,covers/Bright Lines.jpg
"Bleach, Vol. 1: Strawberry and the Soul Reapers (Bleach #1)",http://books.toscrape.com/media/cache/a8/38/a8383903c98af18b898b9d70d5be2c16.jpg,"covers/Bleach, Vol. 1: Strawberry and the Soul Reapers (Bleach #1).jpg"
A Spy's Devotion (The Regency Spies of London #1),http://books.toscrape.com/media/cache/1b/5f/1b5ff86f3c75e51e24c573d3f8bffd8f.jpg,covers/A Spy's Devotion (The Regency Spies of London #1).jpg
"1,000 Places to See Before You Die",http://books.toscrape.com/media/cache/d7/0f/d70f7edd92705c45a82118c3ff6c299d.jpg,"covers/1,000 Places to See Before You Die.jpg"
